{"cameraMode":{"drawMode":0,"name":"Shaded","section":"Shading Mode"},"sceneLighting":true,"audioPlay":false,"sceneViewState":{"showFog":false,"showMaterialUpdate":false,"showSkybox":false,"showFlares":false,"showImageEffects":false,"showParticleSystems":false},"in2DMode":false,"pivot":{"x":28.482177734375,"y":-1.398681640625,"z":12.92724609375},"rotation":{"x":0.3390760123729706,"y":-0.25636598467826846,"z":0.09658385068178177,"w":0.8999864459037781},"size":1.776280164718628,"orthographic":true}